Date,Home_Team,Away_Team
Mon Nov 1 2021,Cleveland Cavaliers,Charlotte Hornets
Mon Nov 1 2021,San Antonio Spurs,Indiana Pacers
Mon Nov 1 2021,Portland Trail Blazers,Philadelphia 76ers
Mon Nov 1 2021,Washington Wizards,Atlanta Hawks
Mon Nov 1 2021,Chicago Bulls,Boston Celtics
Mon Nov 1 2021,Toronto Raptors,New York Knicks
Mon Nov 1 2021,Denver Nuggets,Memphis Grizzlies
Mon Nov 1 2021,Orlando Magic,Minnesota Timberwolves
Mon Nov 1 2021,Oklahoma City Thunder,Los Angeles Clippers
Tue Nov 2 2021,Milwaukee Bucks,Detroit Pistons
Tue Nov 2 2021,Miami Heat,Dallas Mavericks
Tue Nov 2 2021,Sacramento Kings,Utah Jazz
Tue Nov 2 2021,New Orleans Pelicans,Phoenix Suns
Tue Nov 2 2021,Houston Rockets,Los Angeles Lakers
Wed Nov 3 2021,Portland Trail Blazers,Cleveland Cavaliers
Wed Nov 3 2021,New York Knicks,Indiana Pacers
Wed Nov 3 2021,Boston Celtics,Orlando Magic
Wed Nov 3 2021,Chicago Bulls,Philadelphia 76ers
Wed Nov 3 2021,Toronto Raptors,Washington Wizards
Wed Nov 3 2021,Atlanta Hawks,Brooklyn Nets
Wed Nov 3 2021,Denver Nuggets,Memphis Grizzlies
Wed Nov 3 2021,Los Angeles Clippers,Minnesota Timberwolves
Wed Nov 3 2021,Dallas Mavericks,San Antonio Spurs
Wed Nov 3 2021,Charlotte Hornets,Golden State Warriors
Wed Nov 3 2021,New Orleans Pelicans,Sacramento Kings
Thu Nov 4 2021,Philadelphia 76ers,Detroit Pistons
Thu Nov 4 2021,Utah Jazz,Atlanta Hawks
Thu Nov 4 2021,Boston Celtics,Miami Heat
Thu Nov 4 2021,Houston Rockets,Phoenix Suns
Thu Nov 4 2021,Oklahoma City Thunder,Los Angeles Lakers
Fri Nov 5 2021,Brooklyn Nets,Detroit Pistons
Fri Nov 5 2021,San Antonio Spurs,Orlando Magic
Fri Nov 5 2021,Memphis Grizzlies,Washington Wizards
Fri Nov 5 2021,New York Knicks,Milwaukee Bucks
Fri Nov 5 2021,Cleveland Cavaliers,Toronto Raptors
Fri Nov 5 2021,Los Angeles Clippers,Minnesota Timberwolves
Fri Nov 5 2021,New Orleans Pelicans,Golden State Warriors
Fri Nov 5 2021,Indiana Pacers,Portland Trail Blazers
Fri Nov 5 2021,Charlotte Hornets,Sacramento Kings
Sat Nov 6 2021,Houston Rockets,Denver Nuggets
Sat Nov 6 2021,Utah Jazz,Miami Heat
Sat Nov 6 2021,Philadelphia 76ers,Chicago Bulls
Sat Nov 6 2021,Boston Celtics,Dallas Mavericks
Sat Nov 6 2021,Atlanta Hawks,Phoenix Suns
Sat Nov 6 2021,Los Angeles Lakers,Portland Trail Blazers
Sun Nov 7 2021,Brooklyn Nets,Toronto Raptors
Sun Nov 7 2021,Cleveland Cavaliers,New York Knicks
Sun Nov 7 2021,Utah Jazz,Orlando Magic
Sun Nov 7 2021,Indiana Pacers,Sacramento Kings
Sun Nov 7 2021,Milwaukee Bucks,Washington Wizards
Sun Nov 7 2021,San Antonio Spurs,Oklahoma City Thunder
Sun Nov 7 2021,Houston Rockets,Golden State Warriors
Sun Nov 7 2021,Charlotte Hornets,Los Angeles Clippers
Mon Nov 8 2021,New York Knicks,Philadelphia 76ers
Mon Nov 8 2021,Brooklyn Nets,Chicago Bulls
Mon Nov 8 2021,Minnesota Timberwolves,Memphis Grizzlies
Mon Nov 8 2021,New Orleans Pelicans,Dallas Mavericks
Mon Nov 8 2021,Miami Heat,Denver Nuggets
Mon Nov 8 2021,Atlanta Hawks,Golden State Warriors
Mon Nov 8 2021,Phoenix Suns,Sacramento Kings
Mon Nov 8 2021,Charlotte Hornets,Los Angeles Lakers
Tue Nov 9 2021,Milwaukee Bucks,Philadelphia 76ers
Tue Nov 9 2021,Atlanta Hawks,Utah Jazz
Tue Nov 9 2021,Portland Trail Blazers,Los Angeles Clippers
Wed Nov 10 2021,Washington Wizards,Cleveland Cavaliers
Wed Nov 10 2021,Brooklyn Nets,Orlando Magic
Wed Nov 10 2021,Toronto Raptors,Boston Celtics
Wed Nov 10 2021,Detroit Pistons,Houston Rockets
Wed Nov 10 2021,Milwaukee Bucks,New York Knicks
Wed Nov 10 2021,Dallas Mavericks,Chicago Bulls
Wed Nov 10 2021,Charlotte Hornets,Memphis Grizzlies
Wed Nov 10 2021,Oklahoma City Thunder,New Orleans Pelicans
Wed Nov 10 2021,Sacramento Kings,San Antonio Spurs
Wed Nov 10 2021,Indiana Pacers,Denver Nuggets
Wed Nov 10 2021,Portland Trail Blazers,Phoenix Suns
Wed Nov 10 2021,Minnesota Timberwolves,Golden State Warriors
Wed Nov 10 2021,Miami Heat,Los Angeles Lakers
Thu Nov 11 2021,Toronto Raptors,Philadelphia 76ers
Thu Nov 11 2021,Indiana Pacers,Utah Jazz
Thu Nov 11 2021,Miami Heat,Los Angeles Clippers
Fri Nov 12 2021,New York Knicks,Charlotte Hornets
Fri Nov 12 2021,Milwaukee Bucks,Boston Celtics
Fri Nov 12 2021,Detroit Pistons,Cleveland Cavaliers
Fri Nov 12 2021,Portland Trail Blazers,Houston Rockets
Fri Nov 12 2021,Phoenix Suns,Memphis Grizzlies
Fri Nov 12 2021,Brooklyn Nets,New Orleans Pelicans
Fri Nov 12 2021,Sacramento Kings,Oklahoma City Thunder
Fri Nov 12 2021,Dallas Mavericks,San Antonio Spurs
Fri Nov 12 2021,Atlanta Hawks,Denver Nuggets
Fri Nov 12 2021,Chicago Bulls,Golden State Warriors
Fri Nov 12 2021,Minnesota Timberwolves,Los Angeles Lakers
Sat Nov 13 2021,Miami Heat,Utah Jazz
Sat Nov 13 2021,Philadelphia 76ers,Indiana Pacers
Sat Nov 13 2021,Memphis Grizzlies,New Orleans Pelicans
Sat Nov 13 2021,Washington Wizards,Orlando Magic
Sat Nov 13 2021,Detroit Pistons,Toronto Raptors
Sat Nov 13 2021,Boston Celtics,Cleveland Cavaliers
Sat Nov 13 2021,Minnesota Timberwolves,Los Angeles Clippers
Sun Nov 14 2021,San Antonio Spurs,Los Angeles Lakers
Sun Nov 14 2021,Milwaukee Bucks,Atlanta Hawks
Sun Nov 14 2021,Golden State Warriors,Charlotte Hornets
Sun Nov 14 2021,Phoenix Suns,Houston Rockets
Sun Nov 14 2021,Brooklyn Nets,Oklahoma City Thunder
Sun Nov 14 2021,Portland Trail Blazers,Denver Nuggets
Sun Nov 14 2021,Chicago Bulls,Los Angeles Clippers
Mon Nov 15 2021,Boston Celtics,Cleveland Cavaliers
Mon Nov 15 2021,Sacramento Kings,Detroit Pistons
Mon Nov 15 2021,New Orleans Pelicans,Washington Wizards
Mon Nov 15 2021,Orlando Magic,Atlanta Hawks
Mon Nov 15 2021,Indiana Pacers,New York Knicks
Mon Nov 15 2021,Denver Nuggets,Dallas Mavericks
Mon Nov 15 2021,Houston Rockets,Memphis Grizzlies
Mon Nov 15 2021,Phoenix Suns,Minnesota Timberwolves
Mon Nov 15 2021,Miami Heat,Oklahoma City Thunder
Mon Nov 15 2021,Toronto Raptors,Portland Trail Blazers
Mon Nov 15 2021,Chicago Bulls,Los Angeles Lakers
Tue Nov 16 2021,Golden State Warriors,Brooklyn Nets
Tue Nov 16 2021,Philadelphia 76ers,Utah Jazz
Tue Nov 16 2021,San Antonio Spurs,Los Angeles Clippers
Wed Nov 17 2021,Washington Wizards,Charlotte Hornets
Wed Nov 17 2021,Indiana Pacers,Detroit Pistons
Wed Nov 17 2021,Boston Celtics,Atlanta Hawks
Wed Nov 17 2021,Cleveland Cavaliers,Brooklyn Nets
Wed Nov 17 2021,New Orleans Pelicans,Miami Heat
Wed Nov 17 2021,Los Angeles Lakers,Milwaukee Bucks
Wed Nov 17 2021,Orlando Magic,New York Knicks
Wed Nov 17 2021,Sacramento Kings,Minnesota Timberwolves
Wed Nov 17 2021,Houston Rockets,Oklahoma City Thunder
Wed Nov 17 2021,Dallas Mavericks,Phoenix Suns
Wed Nov 17 2021,Chicago Bulls,Portland Trail Blazers
Thu Nov 18 2021,Golden State Warriors,Cleveland Cavaliers
Thu Nov 18 2021,Washington Wizards,Miami Heat
Thu Nov 18 2021,Los Angeles Clippers,Memphis Grizzlies
Thu Nov 18 2021,San Antonio Spurs,Minnesota Timberwolves
Thu Nov 18 2021,Philadelphia 76ers,Denver Nuggets
Thu Nov 18 2021,Toronto Raptors,Utah Jazz
Fri Nov 19 2021,Indiana Pacers,Charlotte Hornets
Fri Nov 19 2021,Golden State Warriors,Detroit Pistons
Fri Nov 19 2021,Los Angeles Lakers,Boston Celtics
Fri Nov 19 2021,Orlando Magic,Brooklyn Nets
Fri Nov 19 2021,Oklahoma City Thunder,Milwaukee Bucks
Fri Nov 19 2021,Los Angeles Clippers,New Orleans Pelicans
Fri Nov 19 2021,Chicago Bulls,Denver Nuggets
Fri Nov 19 2021,Dallas Mavericks,Phoenix Suns
Fri Nov 19 2021,Toronto Raptors,Sacramento Kings
Sat Nov 20 2021,Houston Rockets,New York Knicks
Sat Nov 20 2021,New Orleans Pelicans,Indiana Pacers
Sat Nov 20 2021,Miami Heat,Washington Wizards
Sat Nov 20 2021,Charlotte Hornets,Atlanta Hawks
Sat Nov 20 2021,Oklahoma City Thunder,Boston Celtics
Sat Nov 20 2021,Orlando Magic,Milwaukee Bucks
Sat Nov 20 2021,Memphis Grizzlies,Minnesota Timberwolves
Sat Nov 20 2021,Philadelphia 76ers,Portland Trail Blazers
Sat Nov 20 2021,Utah Jazz,Sacramento Kings
Sun Nov 21 2021,Dallas Mavericks,Los Angeles Clippers
Sun Nov 21 2021,Los Angeles Lakers,Detroit Pistons
Sun Nov 21 2021,New York Knicks,Chicago Bulls
Sun Nov 21 2021,Denver Nuggets,Phoenix Suns
Sun Nov 21 2021,Toronto Raptors,Golden State Warriors
Mon Nov 22 2021,Brooklyn Nets,Cleveland Cavaliers
Mon Nov 22 2021,Charlotte Hornets,Washington Wizards
Mon Nov 22 2021,Oklahoma City Thunder,Atlanta Hawks
Mon Nov 22 2021,Houston Rockets,Boston Celtics
Mon Nov 22 2021,Indiana Pacers,Chicago Bulls
Mon Nov 22 2021,Orlando Magic,Milwaukee Bucks
Mon Nov 22 2021,Minnesota Timberwolves,New Orleans Pelicans
Mon Nov 22 2021,Phoenix Suns,San Antonio Spurs
Mon Nov 22 2021,Memphis Grizzlies,Utah Jazz
Mon Nov 22 2021,Philadelphia 76ers,Sacramento Kings
Tue Nov 23 2021,Miami Heat,Detroit Pistons
Tue Nov 23 2021,Los Angeles Lakers,New York Knicks
Tue Nov 23 2021,Denver Nuggets,Portland Trail Blazers
Tue Nov 23 2021,Dallas Mavericks,Los Angeles Clippers
Wed Nov 24 2021,Phoenix Suns,Cleveland Cavaliers
Wed Nov 24 2021,Los Angeles Lakers,Indiana Pacers
Wed Nov 24 2021,Charlotte Hornets,Orlando Magic
Wed Nov 24 2021,Brooklyn Nets,Boston Celtics
Wed Nov 24 2021,Chicago Bulls,Houston Rockets
Wed Nov 24 2021,Toronto Raptors,Memphis Grizzlies
Wed Nov 24 2021,Detroit Pistons,Milwaukee Bucks
Wed Nov 24 2021,Miami Heat,Minnesota Timberwolves
Wed Nov 24 2021,Washington Wizards,New Orleans Pelicans
Wed Nov 24 2021,Utah Jazz,Oklahoma City Thunder
Wed Nov 24 2021,Atlanta Hawks,San Antonio Spurs
Wed Nov 24 2021,Philadelphia 76ers,Golden State Warriors
Wed Nov 24 2021,Portland Trail Blazers,Sacramento Kings
Fri Nov 26 2021,Detroit Pistons,Los Angeles Clippers
Fri Nov 26 2021,Minnesota Timberwolves,Charlotte Hornets
Fri Nov 26 2021,Phoenix Suns,New York Knicks
Fri Nov 26 2021,Chicago Bulls,Orlando Magic
Fri Nov 26 2021,Toronto Raptors,Indiana Pacers
Fri Nov 26 2021,Atlanta Hawks,Memphis Grizzlies
Fri Nov 26 2021,Washington Wizards,Oklahoma City Thunder
Fri Nov 26 2021,Boston Celtics,San Antonio Spurs
Fri Nov 26 2021,Milwaukee Bucks,Denver Nuggets
Fri Nov 26 2021,New Orleans Pelicans,Utah Jazz
Fri Nov 26 2021,Portland Trail Blazers,Golden State Warriors
Fri Nov 26 2021,Sacramento Kings,Los Angeles Lakers
Sat Nov 27 2021,Minnesota Timberwolves,Philadelphia 76ers
Sat Nov 27 2021,New York Knicks,Atlanta Hawks
Sat Nov 27 2021,Phoenix Suns,Brooklyn Nets
Sat Nov 27 2021,Miami Heat,Chicago Bulls
Sat Nov 27 2021,Orlando Magic,Cleveland Cavaliers
Sat Nov 27 2021,Charlotte Hornets,Houston Rockets
Sat Nov 27 2021,Washington Wizards,Dallas Mavericks
Sat Nov 27 2021,New Orleans Pelicans,Utah Jazz
Sun Nov 28 2021,Golden State Warriors,Los Angeles Clippers
Sun Nov 28 2021,Milwaukee Bucks,Indiana Pacers
Sun Nov 28 2021,Sacramento Kings,Memphis Grizzlies
Sun Nov 28 2021,Boston Celtics,Toronto Raptors
Sun Nov 28 2021,Detroit Pistons,Los Angeles Lakers
Mon Nov 29 2021,Orlando Magic,Philadelphia 76ers
Mon Nov 29 2021,Denver Nuggets,Miami Heat
Mon Nov 29 2021,Charlotte Hornets,Chicago Bulls
Mon Nov 29 2021,Oklahoma City Thunder,Houston Rockets
Mon Nov 29 2021,Indiana Pacers,Minnesota Timberwolves
Mon Nov 29 2021,Cleveland Cavaliers,Dallas Mavericks
Mon Nov 29 2021,Washington Wizards,San Antonio Spurs
Mon Nov 29 2021,Portland Trail Blazers,Utah Jazz
Mon Nov 29 2021,New Orleans Pelicans,Los Angeles Clippers
Tue Nov 30 2021,New York Knicks,Brooklyn Nets
Tue Nov 30 2021,Memphis Grizzlies,Toronto Raptors
Tue Nov 30 2021,Golden State Warriors,Phoenix Suns
Tue Nov 30 2021,Detroit Pistons,Portland Trail Blazers
Tue Nov 30 2021,Los Angeles Lakers,Sacramento Kings
Wed Dec 1 2021,Atlanta Hawks,Indiana Pacers
Wed Dec 1 2021,Denver Nuggets,Orlando Magic
Wed Dec 1 2021,Minnesota Timberwolves,Washington Wizards
Wed Dec 1 2021,Philadelphia 76ers,Boston Celtics
Wed Dec 1 2021,Cleveland Cavaliers,Miami Heat
Wed Dec 1 2021,Charlotte Hornets,Milwaukee Bucks
Wed Dec 1 2021,Dallas Mavericks,New Orleans Pelicans
Wed Dec 1 2021,Houston Rockets,Oklahoma City Thunder
Wed Dec 1 2021,Sacramento Kings,Los Angeles Clippers
Thu Dec 2 2021,Chicago Bulls,New York Knicks
Thu Dec 2 2021,Milwaukee Bucks,Toronto Raptors
Thu Dec 2 2021,Oklahoma City Thunder,Memphis Grizzlies
Thu Dec 2 2021,Detroit Pistons,Phoenix Suns
Thu Dec 2 2021,San Antonio Spurs,Portland Trail Blazers
Fri Dec 3 2021,Miami Heat,Indiana Pacers
Fri Dec 3 2021,Cleveland Cavaliers,Washington Wizards
Fri Dec 3 2021,Philadelphia 76ers,Atlanta Hawks
Fri Dec 3 2021,Minnesota Timberwolves,Brooklyn Nets
Fri Dec 3 2021,Orlando Magic,Houston Rockets
Fri Dec 3 2021,New Orleans Pelicans,Dallas Mavericks
Fri Dec 3 2021,Boston Celtics,Utah Jazz
Fri Dec 3 2021,Phoenix Suns,Golden State Warriors
Fri Dec 3 2021,Los Angeles Clippers,Los Angeles Lakers
Sat Dec 4 2021,Denver Nuggets,New York Knicks
Sat Dec 4 2021,Chicago Bulls,Brooklyn Nets
Sat Dec 4 2021,Miami Heat,Milwaukee Bucks
Sat Dec 4 2021,Memphis Grizzlies,Dallas Mavericks
Sat Dec 4 2021,San Antonio Spurs,Golden State Warriors
Sat Dec 4 2021,Boston Celtics,Portland Trail Blazers
Sat Dec 4 2021,Los Angeles Clippers,Sacramento Kings
Sun Dec 5 2021,Utah Jazz,Cleveland Cavaliers
Sun Dec 5 2021,Charlotte Hornets,Atlanta Hawks
Sun Dec 5 2021,Washington Wizards,Toronto Raptors
Sun Dec 5 2021,New Orleans Pelicans,Houston Rockets
Mon Dec 6 2021,Philadelphia 76ers,Charlotte Hornets
Mon Dec 6 2021,Oklahoma City Thunder,Detroit Pistons
Mon Dec 6 2021,Washington Wizards,Indiana Pacers
Mon Dec 6 2021,Memphis Grizzlies,Miami Heat
Mon Dec 6 2021,Denver Nuggets,Chicago Bulls
Mon Dec 6 2021,Cleveland Cavaliers,Milwaukee Bucks
Mon Dec 6 2021,Atlanta Hawks,Minnesota Timberwolves
Mon Dec 6 2021,San Antonio Spurs,Phoenix Suns
Mon Dec 6 2021,Orlando Magic,Golden State Warriors
Mon Dec 6 2021,Los Angeles Clippers,Portland Trail Blazers
Tue Dec 7 2021,Brooklyn Nets,Dallas Mavericks
Tue Dec 7 2021,New York Knicks,San Antonio Spurs
Tue Dec 7 2021,Boston Celtics,Los Angeles Lakers
Wed Dec 8 2021,Philadelphia 76ers,Charlotte Hornets
Wed Dec 8 2021,Chicago Bulls,Cleveland Cavaliers
Wed Dec 8 2021,Washington Wizards,Detroit Pistons
Wed Dec 8 2021,New York Knicks,Indiana Pacers
Wed Dec 8 2021,Milwaukee Bucks,Miami Heat
Wed Dec 8 2021,Oklahoma City Thunder,Toronto Raptors
Wed Dec 8 2021,Brooklyn Nets,Houston Rockets
Wed Dec 8 2021,Dallas Mavericks,Memphis Grizzlies
Wed Dec 8 2021,Utah Jazz,Minnesota Timberwolves
Wed Dec 8 2021,Denver Nuggets,New Orleans Pelicans
Wed Dec 8 2021,Portland Trail Blazers,Golden State Warriors
Wed Dec 8 2021,Orlando Magic,Sacramento Kings
Wed Dec 8 2021,Boston Celtics,Los Angeles Clippers
Thu Dec 9 2021,Utah Jazz,Philadelphia 76ers
Thu Dec 9 2021,Los Angeles Lakers,Memphis Grizzlies
Thu Dec 9 2021,Denver Nuggets,San Antonio Spurs
Fri Dec 10 2021,Sacramento Kings,Charlotte Hornets
Fri Dec 10 2021,Dallas Mavericks,Indiana Pacers
Fri Dec 10 2021,Brooklyn Nets,Atlanta Hawks
Fri Dec 10 2021,New York Knicks,Toronto Raptors
Fri Dec 10 2021,Milwaukee Bucks,Houston Rockets
Fri Dec 10 2021,Cleveland Cavaliers,Minnesota Timberwolves
Fri Dec 10 2021,Detroit Pistons,New Orleans Pelicans
Fri Dec 10 2021,Los Angeles Lakers,Oklahoma City Thunder
Fri Dec 10 2021,Boston Celtics,Phoenix Suns
Sat Dec 11 2021,Orlando Magic,Los Angeles Clippers
Sat Dec 11 2021,Utah Jazz,Washington Wizards
Sat Dec 11 2021,Sacramento Kings,Cleveland Cavaliers
Sat Dec 11 2021,Houston Rockets,Memphis Grizzlies
Sat Dec 11 2021,Chicago Bulls,Miami Heat
Sat Dec 11 2021,Golden State Warriors,Philadelphia 76ers
Sat Dec 11 2021,Denver Nuggets,San Antonio Spurs
Sun Dec 12 2021,Milwaukee Bucks,New York Knicks
Sun Dec 12 2021,Brooklyn Nets,Detroit Pistons
Sun Dec 12 2021,Dallas Mavericks,Oklahoma City Thunder
Sun Dec 12 2021,New Orleans Pelicans,San Antonio Spurs
Sun Dec 12 2021,Minnesota Timberwolves,Portland Trail Blazers
Sun Dec 12 2021,Orlando Magic,Los Angeles Lakers
Mon Dec 13 2021,Miami Heat,Cleveland Cavaliers
Mon Dec 13 2021,Golden State Warriors,Indiana Pacers
Mon Dec 13 2021,Sacramento Kings,Toronto Raptors
Mon Dec 13 2021,Houston Rockets,Atlanta Hawks
Mon Dec 13 2021,Milwaukee Bucks,Boston Celtics
Mon Dec 13 2021,Philadelphia 76ers,Memphis Grizzlies
Mon Dec 13 2021,Charlotte Hornets,Dallas Mavericks
Mon Dec 13 2021,Washington Wizards,Denver Nuggets
Mon Dec 13 2021,Phoenix Suns,Los Angeles Clippers
Tue Dec 14 2021,Toronto Raptors,Brooklyn Nets
Tue Dec 14 2021,Golden State Warriors,New York Knicks
Tue Dec 14 2021,Detroit Pistons,Chicago Bulls
Tue Dec 14 2021,Phoenix Suns,Portland Trail Blazers
Wed Dec 15 2021,Houston Rockets,Cleveland Cavaliers
Wed Dec 15 2021,Atlanta Hawks,Orlando Magic
Wed Dec 15 2021,Miami Heat,Philadelphia 76ers
Wed Dec 15 2021,Los Angeles Lakers,Dallas Mavericks
Wed Dec 15 2021,Indiana Pacers,Milwaukee Bucks
Wed Dec 15 2021,New Orleans Pelicans,Oklahoma City Thunder
Wed Dec 15 2021,Charlotte Hornets,San Antonio Spurs
Wed Dec 15 2021,Minnesota Timberwolves,Denver Nuggets
Wed Dec 15 2021,Memphis Grizzlies,Portland Trail Blazers
Wed Dec 15 2021,Washington Wizards,Sacramento Kings
Wed Dec 15 2021,Los Angeles Clippers,Utah Jazz
Thu Dec 16 2021,Detroit Pistons,Indiana Pacers
Thu Dec 16 2021,Philadelphia 76ers,Brooklyn Nets
Thu Dec 16 2021,Chicago Bulls,Toronto Raptors
Thu Dec 16 2021,New York Knicks,Houston Rockets
Thu Dec 16 2021,Washington Wizards,Phoenix Suns
Fri Dec 17 2021,Miami Heat,Orlando Magic
Fri Dec 17 2021,Denver Nuggets,Atlanta Hawks
Fri Dec 17 2021,Golden State Warriors,Boston Celtics
Fri Dec 17 2021,Los Angeles Lakers,Minnesota Timberwolves
Fri Dec 17 2021,San Antonio Spurs,Utah Jazz
Fri Dec 17 2021,Milwaukee Bucks,New Orleans Pelicans
Fri Dec 17 2021,Charlotte Hornets,Portland Trail Blazers
Fri Dec 17 2021,Memphis Grizzlies,Sacramento Kings
Sat Dec 18 2021,Houston Rockets,Detroit Pistons
Sat Dec 18 2021,Orlando Magic,Brooklyn Nets
Sat Dec 18 2021,Golden State Warriors,Toronto Raptors
Sat Dec 18 2021,Los Angeles Clippers,Oklahoma City Thunder
Sat Dec 18 2021,New York Knicks,Boston Celtics
Sat Dec 18 2021,Cleveland Cavaliers,Milwaukee Bucks
Sat Dec 18 2021,Washington Wizards,Utah Jazz
Sun Dec 19 2021,Los Angeles Lakers,Chicago Bulls
Sun Dec 19 2021,Miami Heat,Detroit Pistons
Sun Dec 19 2021,Portland Trail Blazers,Memphis Grizzlies
Sun Dec 19 2021,San Antonio Spurs,Sacramento Kings
Sun Dec 19 2021,Cleveland Cavaliers,Atlanta Hawks
Sun Dec 19 2021,Denver Nuggets,Brooklyn Nets
Sun Dec 19 2021,Dallas Mavericks,Minnesota Timberwolves
Sun Dec 19 2021,New Orleans Pelicans,Philadelphia 76ers
Sun Dec 19 2021,Charlotte Hornets,Phoenix Suns
Mon Dec 20 2021,Philadelphia 76ers,Boston Celtics
Mon Dec 20 2021,Orlando Magic,Toronto Raptors
Mon Dec 20 2021,Houston Rockets,Chicago Bulls
Mon Dec 20 2021,Oklahoma City Thunder,Memphis Grizzlies
Mon Dec 20 2021,Charlotte Hornets,Utah Jazz
Mon Dec 20 2021,Sacramento Kings,Golden State Warriors
Mon Dec 20 2021,San Antonio Spurs,Los Angeles Clippers
Tue Dec 21 2021,Washington Wizards,Brooklyn Nets
Tue Dec 21 2021,Indiana Pacers,Miami Heat
Tue Dec 21 2021,Detroit Pistons,New York Knicks
Tue Dec 21 2021,Portland Trail Blazers,New Orleans Pelicans
Tue Dec 21 2021,Minnesota Timberwolves,Dallas Mavericks
Tue Dec 21 2021,Phoenix Suns,Los Angeles Lakers
Wed Dec 22 2021,Orlando Magic,Atlanta Hawks
Wed Dec 22 2021,Cleveland Cavaliers,Boston Celtics
Wed Dec 22 2021,Toronto Raptors,Chicago Bulls
Wed Dec 22 2021,Houston Rockets,Milwaukee Bucks
Wed Dec 22 2021,Denver Nuggets,Oklahoma City Thunder
Wed Dec 22 2021,Los Angeles Clippers,Sacramento Kings
Thu Dec 23 2021,Houston Rockets,Indiana Pacers
Thu Dec 23 2021,New Orleans Pelicans,Orlando Magic
Thu Dec 23 2021,Atlanta Hawks,Philadelphia 76ers
Thu Dec 23 2021,Detroit Pistons,Miami Heat
Thu Dec 23 2021,Washington Wizards,New York Knicks
Thu Dec 23 2021,Milwaukee Bucks,Dallas Mavericks
Thu Dec 23 2021,Charlotte Hornets,Denver Nuggets
Thu Dec 23 2021,Oklahoma City Thunder,Phoenix Suns
Thu Dec 23 2021,Minnesota Timberwolves,Utah Jazz
Thu Dec 23 2021,Memphis Grizzlies,Golden State Warriors
Thu Dec 23 2021,Brooklyn Nets,Portland Trail Blazers
Thu Dec 23 2021,San Antonio Spurs,Los Angeles Lakers
Sat Dec 25 2021,Atlanta Hawks,New York Knicks
Sat Dec 25 2021,Boston Celtics,Milwaukee Bucks
Sat Dec 25 2021,Golden State Warriors,Phoenix Suns
Sat Dec 25 2021,Brooklyn Nets,Los Angeles Lakers
Sat Dec 25 2021,Dallas Mavericks,Utah Jazz
Sun Dec 26 2021,Orlando Magic,Miami Heat
Sun Dec 26 2021,Toronto Raptors,Cleveland Cavaliers
Sun Dec 26 2021,Memphis Grizzlies,Sacramento Kings
Sun Dec 26 2021,Philadelphia 76ers,Washington Wizards
Sun Dec 26 2021,New Orleans Pelicans,Oklahoma City Thunder
Sun Dec 26 2021,Detroit Pistons,San Antonio Spurs
Sun Dec 26 2021,Indiana Pacers,Chicago Bulls
Sun Dec 26 2021,Denver Nuggets,Los Angeles Clippers
Mon Dec 27 2021,Houston Rockets,Charlotte Hornets
Mon Dec 27 2021,Chicago Bulls,Atlanta Hawks
Mon Dec 27 2021,Boston Celtics,Minnesota Timberwolves
Mon Dec 27 2021,Utah Jazz,San Antonio Spurs
Mon Dec 27 2021,Memphis Grizzlies,Phoenix Suns
Mon Dec 27 2021,Dallas Mavericks,Portland Trail Blazers
Mon Dec 27 2021,Brooklyn Nets,Los Angeles Clippers
Tue Dec 28 2021,Milwaukee Bucks,Orlando Magic
Tue Dec 28 2021,Washington Wizards,Miami Heat
Tue Dec 28 2021,Philadelphia 76ers,Toronto Raptors
Tue Dec 28 2021,Los Angeles Lakers,Houston Rockets
Tue Dec 28 2021,New York Knicks,Minnesota Timberwolves
Tue Dec 28 2021,Cleveland Cavaliers,New Orleans Pelicans
Tue Dec 28 2021,Denver Nuggets,Golden State Warriors
Tue Dec 28 2021,Oklahoma City Thunder,Sacramento Kings
Wed Dec 29 2021,New York Knicks,Detroit Pistons
Wed Dec 29 2021,Charlotte Hornets,Indiana Pacers
Wed Dec 29 2021,Los Angeles Clippers,Boston Celtics
Wed Dec 29 2021,Atlanta Hawks,Chicago Bulls
Wed Dec 29 2021,Los Angeles Lakers,Memphis Grizzlies
Wed Dec 29 2021,Miami Heat,San Antonio Spurs
Wed Dec 29 2021,Oklahoma City Thunder,Phoenix Suns
Wed Dec 29 2021,Utah Jazz,Portland Trail Blazers
Wed Dec 29 2021,Dallas Mavericks,Sacramento Kings
Thu Dec 30 2021,Philadelphia 76ers,Brooklyn Nets
Thu Dec 30 2021,Milwaukee Bucks,Orlando Magic
Thu Dec 30 2021,Cleveland Cavaliers,Washington Wizards
Thu Dec 30 2021,Golden State Warriors,Denver Nuggets
Fri Dec 31 2021,Phoenix Suns,Boston Celtics
Fri Dec 31 2021,Chicago Bulls,Indiana Pacers
Fri Dec 31 2021,Dallas Mavericks,Sacramento Kings
Fri Dec 31 2021,Miami Heat,Houston Rockets
Fri Dec 31 2021,Atlanta Hawks,Cleveland Cavaliers
Fri Dec 31 2021,Los Angeles Clippers,Toronto Raptors
Fri Dec 31 2021,San Antonio Spurs,Memphis Grizzlies
Fri Dec 31 2021,New York Knicks,Oklahoma City Thunder
Fri Dec 31 2021,Minnesota Timberwolves,Utah Jazz
Fri Dec 31 2021,Portland Trail Blazers,Los Angeles Lakers
Sat Jan 1 2022,New Orleans Pelicans,Milwaukee Bucks
Sat Jan 1 2022,San Antonio Spurs,Detroit Pistons
Sat Jan 1 2022,Chicago Bulls,Washington Wizards
Sat Jan 1 2022,Los Angeles Clippers,Brooklyn Nets
Sat Jan 1 2022,Denver Nuggets,Houston Rockets
Sat Jan 1 2022,Golden State Warriors,Utah Jazz
Sun Jan 2 2022,New York Knicks,Toronto Raptors
Sun Jan 2 2022,Orlando Magic,Boston Celtics
Sun Jan 2 2022,Indiana Pacers,Cleveland Cavaliers
Sun Jan 2 2022,Miami Heat,Sacramento Kings
Sun Jan 2 2022,Phoenix Suns,Charlotte Hornets
Sun Jan 2 2022,Dallas Mavericks,Oklahoma City Thunder
Sun Jan 2 2022,Minnesota Timberwolves,Los Angeles Lakers
Mon Jan 3 2022,Houston Rockets,Philadelphia 76ers
Mon Jan 3 2022,Charlotte Hornets,Washington Wizards
Mon Jan 3 2022,Memphis Grizzlies,Brooklyn Nets
Mon Jan 3 2022,Orlando Magic,Chicago Bulls
Mon Jan 3 2022,Detroit Pistons,Milwaukee Bucks
Mon Jan 3 2022,Utah Jazz,New Orleans Pelicans
Mon Jan 3 2022,Denver Nuggets,Dallas Mavericks
Mon Jan 3 2022,Miami Heat,Golden State Warriors
Mon Jan 3 2022,Atlanta Hawks,Portland Trail Blazers
Mon Jan 3 2022,Minnesota Timberwolves,Los Angeles Clippers
Tue Jan 4 2022,Memphis Grizzlies,Cleveland Cavaliers
Tue Jan 4 2022,San Antonio Spurs,Toronto Raptors
Tue Jan 4 2022,Indiana Pacers,New York Knicks
Tue Jan 4 2022,Phoenix Suns,New Orleans Pelicans
Tue Jan 4 2022,Sacramento Kings,Los Angeles Lakers
Wed Jan 5 2022,Detroit Pistons,Charlotte Hornets
Wed Jan 5 2022,Philadelphia 76ers,Orlando Magic
Wed Jan 5 2022,Houston Rockets,Washington Wizards
Wed Jan 5 2022,San Antonio Spurs,Boston Celtics
Wed Jan 5 2022,Golden State Warriors,Dallas Mavericks
Wed Jan 5 2022,Brooklyn Nets,Indiana Pacers
Wed Jan 5 2022,Toronto Raptors,Milwaukee Bucks
Wed Jan 5 2022,Oklahoma City Thunder,Minnesota Timberwolves
Wed Jan 5 2022,Utah Jazz,Denver Nuggets
Wed Jan 5 2022,Miami Heat,Portland Trail Blazers
Wed Jan 5 2022,Atlanta Hawks,Sacramento Kings
Thu Jan 6 2022,Boston Celtics,New York Knicks
Thu Jan 6 2022,Detroit Pistons,Memphis Grizzlies
Thu Jan 6 2022,Golden State Warriors,New Orleans Pelicans
Thu Jan 6 2022,Los Angeles Clippers,Phoenix Suns
Fri Jan 7 2022,San Antonio Spurs,Philadelphia 76ers
Fri Jan 7 2022,Milwaukee Bucks,Brooklyn Nets
Fri Jan 7 2022,Utah Jazz,Toronto Raptors
Fri Jan 7 2022,Washington Wizards,Chicago Bulls
Fri Jan 7 2022,Dallas Mavericks,Houston Rockets
Fri Jan 7 2022,Minnesota Timberwolves,Oklahoma City Thunder
Fri Jan 7 2022,Sacramento Kings,Denver Nuggets
Fri Jan 7 2022,Atlanta Hawks,Los Angeles Lakers
Fri Jan 7 2022,Cleveland Cavaliers,Portland Trail Blazers
Sat Jan 8 2022,Memphis Grizzlies,Los Angeles Clippers
Sat Jan 8 2022,Milwaukee Bucks,Charlotte Hornets
Sat Jan 8 2022,Orlando Magic,Detroit Pistons
Sat Jan 8 2022,Utah Jazz,Indiana Pacers
Sat Jan 8 2022,New York Knicks,Boston Celtics
Sat Jan 8 2022,Miami Heat,Phoenix Suns
Sun Jan 9 2022,Atlanta Hawks,Los Angeles Clippers
Sun Jan 9 2022,Washington Wizards,Orlando Magic
Sun Jan 9 2022,New Orleans Pelicans,Toronto Raptors
Sun Jan 9 2022,Minnesota Timberwolves,Houston Rockets
Sun Jan 9 2022,Denver Nuggets,Oklahoma City Thunder
Sun Jan 9 2022,San Antonio Spurs,Brooklyn Nets
Sun Jan 9 2022,Chicago Bulls,Dallas Mavericks
Sun Jan 9 2022,Cleveland Cavaliers,Golden State Warriors
Sun Jan 9 2022,Sacramento Kings,Portland Trail Blazers
Sun Jan 9 2022,Memphis Grizzlies,Los Angeles Lakers
Mon Jan 10 2022,Milwaukee Bucks,Charlotte Hornets
Mon Jan 10 2022,Utah Jazz,Detroit Pistons
Mon Jan 10 2022,Indiana Pacers,Boston Celtics
Mon Jan 10 2022,San Antonio Spurs,New York Knicks
Mon Jan 10 2022,Cleveland Cavaliers,Sacramento Kings
Tue Jan 11 2022,Oklahoma City Thunder,Washington Wizards
Tue Jan 11 2022,Phoenix Suns,Toronto Raptors
Tue Jan 11 2022,Golden State Warriors,Memphis Grizzlies
Tue Jan 11 2022,Minnesota Timberwolves,New Orleans Pelicans
Tue Jan 11 2022,Denver Nuggets,Los Angeles Clippers
Wed Jan 12 2022,Phoenix Suns,Detroit Pistons
Wed Jan 12 2022,Boston Celtics,Indiana Pacers
Wed Jan 12 2022,Charlotte Hornets,Philadelphia 76ers
Wed Jan 12 2022,Orlando Magic,Washington Wizards
Wed Jan 12 2022,Miami Heat,Atlanta Hawks
Wed Jan 12 2022,Dallas Mavericks,New York Knicks
Wed Jan 12 2022,Houston Rockets,San Antonio Spurs
Wed Jan 12 2022,Cleveland Cavaliers,Utah Jazz
Wed Jan 12 2022,Brooklyn Nets,Chicago Bulls
Wed Jan 12 2022,Los Angeles Lakers,Sacramento Kings
Thu Jan 13 2022,Golden State Warriors,Milwaukee Bucks
Thu Jan 13 2022,Minnesota Timberwolves,Memphis Grizzlies
Thu Jan 13 2022,Los Angeles Clippers,New Orleans Pelicans
Thu Jan 13 2022,Oklahoma City Thunder,Brooklyn Nets
Thu Jan 13 2022,Portland Trail Blazers,Denver Nuggets
Fri Jan 14 2022,Orlando Magic,Charlotte Hornets
Fri Jan 14 2022,Toronto Raptors,Detroit Pistons
Fri Jan 14 2022,Phoenix Suns,Indiana Pacers
Fri Jan 14 2022,Boston Celtics,Philadelphia 76ers
Fri Jan 14 2022,Golden State Warriors,Chicago Bulls
Fri Jan 14 2022,Atlanta Hawks,Miami Heat
Fri Jan 14 2022,Cleveland Cavaliers,San Antonio Spurs
Fri Jan 14 2022,Dallas Mavericks,Memphis Grizzlies
Fri Jan 14 2022,Houston Rockets,Sacramento Kings
Sat Jan 15 2022,Toronto Raptors,Milwaukee Bucks
Sat Jan 15 2022,Portland Trail Blazers,Washington Wizards
Sat Jan 15 2022,New York Knicks,Atlanta Hawks
Sat Jan 15 2022,New Orleans Pelicans,Brooklyn Nets
Sat Jan 15 2022,Philadelphia 76ers,Miami Heat
Sat Jan 15 2022,Cleveland Cavaliers,Oklahoma City Thunder
Sat Jan 15 2022,Chicago Bulls,Boston Celtics
Sat Jan 15 2022,Los Angeles Clippers,San Antonio Spurs
Sat Jan 15 2022,Los Angeles Lakers,Denver Nuggets
Sat Jan 15 2022,Orlando Magic,Dallas Mavericks
Sun Jan 16 2022,Houston Rockets,Sacramento Kings
Sun Jan 16 2022,Utah Jazz,Denver Nuggets
Sun Jan 16 2022,Golden State Warriors,Minnesota Timberwolves
Mon Jan 17 2022,New Orleans Pelicans,Boston Celtics
Mon Jan 17 2022,Charlotte Hornets,New York Knicks
Mon Jan 17 2022,Philadelphia 76ers,Washington Wizards
Mon Jan 17 2022,Brooklyn Nets,Cleveland Cavaliers
Mon Jan 17 2022,Indiana Pacers,Los Angeles Clippers
Mon Jan 17 2022,Chicago Bulls,Memphis Grizzlies
Mon Jan 17 2022,Milwaukee Bucks,Atlanta Hawks
Mon Jan 17 2022,Portland Trail Blazers,Orlando Magic
Mon Jan 17 2022,Toronto Raptors,Miami Heat
Mon Jan 17 2022,Oklahoma City Thunder,Dallas Mavericks
Mon Jan 17 2022,Phoenix Suns,San Antonio Spurs
Mon Jan 17 2022,Utah Jazz,Los Angeles Lakers
Tue Jan 18 2022,Minnesota Timberwolves,New York Knicks
Tue Jan 18 2022,Detroit Pistons,Golden State Warriors
Wed Jan 19 2022,Orlando Magic,Philadelphia 76ers
Wed Jan 19 2022,Brooklyn Nets,Washington Wizards
Wed Jan 19 2022,Minnesota Timberwolves,Atlanta Hawks
Wed Jan 19 2022,Charlotte Hornets,Boston Celtics
Wed Jan 19 2022,Portland Trail Blazers,Miami Heat
Wed Jan 19 2022,Cleveland Cavaliers,Chicago Bulls
Wed Jan 19 2022,Memphis Grizzlies,Milwaukee Bucks
Wed Jan 19 2022,Toronto Raptors,Dallas Mavericks
Wed Jan 19 2022,Oklahoma City Thunder,San Antonio Spurs
Wed Jan 19 2022,Houston Rockets,Utah Jazz
Wed Jan 19 2022,Los Angeles Clippers,Denver Nuggets
Wed Jan 19 2022,Detroit Pistons,Sacramento Kings
Wed Jan 19 2022,Indiana Pacers,Los Angeles Lakers
Thu Jan 20 2022,New Orleans Pelicans,New York Knicks
Thu Jan 20 2022,Phoenix Suns,Dallas Mavericks
Thu Jan 20 2022,Indiana Pacers,Golden State Warriors
Fri Jan 21 2022,Oklahoma City Thunder,Charlotte Hornets
Fri Jan 21 2022,Los Angeles Lakers,Orlando Magic
Fri Jan 21 2022,Los Angeles Clippers,Philadelphia 76ers
Fri Jan 21 2022,Miami Heat,Atlanta Hawks
Fri Jan 21 2022,Portland Trail Blazers,Boston Celtics
Fri Jan 21 2022,Chicago Bulls,Milwaukee Bucks
Fri Jan 21 2022,Toronto Raptors,Washington Wizards
Fri Jan 21 2022,Brooklyn Nets,San Antonio Spurs
Fri Jan 21 2022,Memphis Grizzlies,Denver Nuggets
Fri Jan 21 2022,Detroit Pistons,Utah Jazz
Fri Jan 21 2022,Houston Rockets,Golden State Warriors
Sat Jan 22 2022,Oklahoma City Thunder,Cleveland Cavaliers
Sat Jan 22 2022,Sacramento Kings,Milwaukee Bucks
Sat Jan 22 2022,Indiana Pacers,Phoenix Suns
Sun Jan 23 2022,Los Angeles Clippers,New York Knicks
Sun Jan 23 2022,Boston Celtics,Washington Wizards
Sun Jan 23 2022,Los Angeles Lakers,Miami Heat
Sun Jan 23 2022,Chicago Bulls,Orlando Magic
Sun Jan 23 2022,Portland Trail Blazers,Toronto Raptors
Sun Jan 23 2022,Atlanta Hawks,Charlotte Hornets
Sun Jan 23 2022,Philadelphia 76ers,San Antonio Spurs
Sun Jan 23 2022,Memphis Grizzlies,Dallas Mavericks
Sun Jan 23 2022,Detroit Pistons,Denver Nuggets
Sun Jan 23 2022,Brooklyn Nets,Minnesota Timberwolves
Sun Jan 23 2022,Utah Jazz,Golden State Warriors
Mon Jan 24 2022,New York Knicks,Cleveland Cavaliers
Mon Jan 24 2022,Chicago Bulls,Atlanta Hawks
Mon Jan 24 2022,Philadelphia 76ers,Houston Rockets
Mon Jan 24 2022,Indiana Pacers,New Orleans Pelicans
Mon Jan 24 2022,Utah Jazz,Phoenix Suns
Tue Jan 25 2022,Denver Nuggets,Detroit Pistons
Tue Jan 25 2022,Charlotte Hornets,Toronto Raptors
Tue Jan 25 2022,Los Angeles Clippers,Washington Wizards
Tue Jan 25 2022,Sacramento Kings,Boston Celtics
Tue Jan 25 2022,Los Angeles Lakers,Brooklyn Nets
Tue Jan 25 2022,San Antonio Spurs,Houston Rockets
Tue Jan 25 2022,Dallas Mavericks,Golden State Warriors
Tue Jan 25 2022,Minnesota Timberwolves,Portland Trail Blazers
Wed Jan 26 2022,Milwaukee Bucks,Cleveland Cavaliers
Wed Jan 26 2022,Charlotte Hornets,Indiana Pacers
Wed Jan 26 2022,Los Angeles Clippers,Orlando Magic
Wed Jan 26 2022,Sacramento Kings,Atlanta Hawks
Wed Jan 26 2022,Toronto Raptors,Brooklyn Nets
Wed Jan 26 2022,New York Knicks,Miami Heat
Wed Jan 26 2022,Memphis Grizzlies,San Antonio Spurs
Wed Jan 26 2022,Denver Nuggets,New Orleans Pelicans
Wed Jan 26 2022,Chicago Bulls,Oklahoma City Thunder
Wed Jan 26 2022,Dallas Mavericks,Portland Trail Blazers
Wed Jan 26 2022,Phoenix Suns,Utah Jazz
Thu Jan 27 2022,Los Angeles Lakers,Philadelphia 76ers
Thu Jan 27 2022,Minnesota Timberwolves,Golden State Warriors
Fri Jan 28 2022,Los Angeles Lakers,Charlotte Hornets
Fri Jan 28 2022,Detroit Pistons,Orlando Magic
Fri Jan 28 2022,Boston Celtics,Atlanta Hawks
Fri Jan 28 2022,Portland Trail Blazers,Houston Rockets
Fri Jan 28 2022,Utah Jazz,Memphis Grizzlies
Fri Jan 28 2022,Los Angeles Clippers,Miami Heat
Fri Jan 28 2022,Indiana Pacers,Oklahoma City Thunder
Fri Jan 28 2022,Chicago Bulls,San Antonio Spurs
Fri Jan 28 2022,Minnesota Timberwolves,Phoenix Suns
Fri Jan 28 2022,New York Knicks,Milwaukee Bucks
Sat Jan 29 2022,Boston Celtics,New Orleans Pelicans
Sat Jan 29 2022,Indiana Pacers,Dallas Mavericks
Sat Jan 29 2022,Sacramento Kings,Philadelphia 76ers
Sat Jan 29 2022,Washington Wizards,Memphis Grizzlies
Sat Jan 29 2022,Toronto Raptors,Miami Heat
Sat Jan 29 2022,Brooklyn Nets,Golden State Warriors
Sun Jan 30 2022,Los Angeles Lakers,Atlanta Hawks
Sun Jan 30 2022,Los Angeles Clippers,Charlotte Hornets
Sun Jan 30 2022,Portland Trail Blazers,Chicago Bulls
Sun Jan 30 2022,Cleveland Cavaliers,Detroit Pistons
Sun Jan 30 2022,Denver Nuggets,Milwaukee Bucks
Sun Jan 30 2022,Dallas Mavericks,Orlando Magic
Sun Jan 30 2022,Utah Jazz,Minnesota Timberwolves
Sun Jan 30 2022,San Antonio Spurs,Phoenix Suns
Mon Jan 31 2022,New Orleans Pelicans,Cleveland Cavaliers
Mon Jan 31 2022,Los Angeles Clippers,Indiana Pacers
Mon Jan 31 2022,Memphis Grizzlies,Philadelphia 76ers
Mon Jan 31 2022,Miami Heat,Boston Celtics
Mon Jan 31 2022,Sacramento Kings,New York Knicks
Mon Jan 31 2022,Golden State Warriors,Houston Rockets
Mon Jan 31 2022,Portland Trail Blazers,Oklahoma City Thunder
Tue Feb 1 2022,New Orleans Pelicans,Detroit Pistons
Tue Feb 1 2022,Toronto Raptors,Atlanta Hawks
Tue Feb 1 2022,Washington Wizards,Milwaukee Bucks
Tue Feb 1 2022,Orlando Magic,Chicago Bulls
Tue Feb 1 2022,Denver Nuggets,Minnesota Timberwolves
Tue Feb 1 2022,Golden State Warriors,San Antonio Spurs
Tue Feb 1 2022,Brooklyn Nets,Phoenix Suns
Wed Feb 2 2022,Orlando Magic,Indiana Pacers
Wed Feb 2 2022,Washington Wizards,Philadelphia 76ers
Wed Feb 2 2022,Charlotte Hornets,Boston Celtics
Wed Feb 2 2022,Memphis Grizzlies,New York Knicks
Wed Feb 2 2022,Cleveland Cavaliers,Houston Rockets
Wed Feb 2 2022,Oklahoma City Thunder,Dallas Mavericks
Wed Feb 2 2022,Brooklyn Nets,Sacramento Kings
Wed Feb 2 2022,Denver Nuggets,Utah Jazz
Wed Feb 2 2022,Portland Trail Blazers,Los Angeles Lakers
Thu Feb 3 2022,Minnesota Timberwolves,Detroit Pistons
Thu Feb 3 2022,Phoenix Suns,Atlanta Hawks
Thu Feb 3 2022,Miami Heat,Toronto Raptors
Thu Feb 3 2022,Sacramento Kings,Golden State Warriors
Thu Feb 3 2022,Los Angeles Lakers,Los Angeles Clippers
Fri Feb 4 2022,Cleveland Cavaliers,Charlotte Hornets
Fri Feb 4 2022,Boston Celtics,Detroit Pistons
Fri Feb 4 2022,Chicago Bulls,Indiana Pacers
Fri Feb 4 2022,Atlanta Hawks,Toronto Raptors
Fri Feb 4 2022,Philadelphia 76ers,Dallas Mavericks
Fri Feb 4 2022,Houston Rockets,San Antonio Spurs
Fri Feb 4 2022,Brooklyn Nets,Utah Jazz
Fri Feb 4 2022,New Orleans Pelicans,Denver Nuggets
Fri Feb 4 2022,Oklahoma City Thunder,Portland Trail Blazers
Sat Feb 5 2022,Memphis Grizzlies,Orlando Magic
Sat Feb 5 2022,Miami Heat,Charlotte Hornets
Sat Feb 5 2022,Phoenix Suns,Washington Wizards
Sat Feb 5 2022,New York Knicks,Los Angeles Lakers
Sat Feb 5 2022,Milwaukee Bucks,Portland Trail Blazers
Sat Feb 5 2022,Oklahoma City Thunder,Sacramento Kings
Sun Feb 6 2022,Philadelphia 76ers,Chicago Bulls
Sun Feb 6 2022,Brooklyn Nets,Denver Nuggets
Sun Feb 6 2022,Detroit Pistons,Minnesota Timberwolves
Sun Feb 6 2022,Indiana Pacers,Cleveland Cavaliers
Sun Feb 6 2022,Atlanta Hawks,Dallas Mavericks
Sun Feb 6 2022,Boston Celtics,Orlando Magic
Sun Feb 6 2022,New Orleans Pelicans,Houston Rockets
Sun Feb 6 2022,Milwaukee Bucks,Los Angeles Clippers
Mon Feb 7 2022,Toronto Raptors,Charlotte Hornets
Mon Feb 7 2022,Miami Heat,Washington Wizards
Mon Feb 7 2022,Phoenix Suns,Chicago Bulls
Mon Feb 7 2022,Golden State Warriors,Oklahoma City Thunder
Mon Feb 7 2022,New York Knicks,Utah Jazz
Tue Feb 8 2022,Phoenix Suns,Philadelphia 76ers
Tue Feb 8 2022,Indiana Pacers,Atlanta Hawks
Tue Feb 8 2022,Boston Celtics,Brooklyn Nets
Tue Feb 8 2022,Los Angeles Clippers,Memphis Grizzlies
Tue Feb 8 2022,Houston Rockets,New Orleans Pelicans
Tue Feb 8 2022,Detroit Pistons,Dallas Mavericks
Tue Feb 8 2022,New York Knicks,Denver Nuggets
Tue Feb 8 2022,Milwaukee Bucks,Los Angeles Lakers
Tue Feb 8 2022,Orlando Magic,Portland Trail Blazers
Tue Feb 8 2022,Minnesota Timberwolves,Sacramento Kings
Wed Feb 9 2022,San Antonio Spurs,Cleveland Cavaliers
Wed Feb 9 2022,Chicago Bulls,Charlotte Hornets
Wed Feb 9 2022,Toronto Raptors,Oklahoma City Thunder
Wed Feb 9 2022,Los Angeles Lakers,Portland Trail Blazers
Wed Feb 9 2022,Minnesota Timberwolves,Sacramento Kings
Wed Feb 9 2022,Golden State Warriors,Utah Jazz
Thu Feb 10 2022,Memphis Grizzlies,Detroit Pistons
Thu Feb 10 2022,Brooklyn Nets,Washington Wizards
Thu Feb 10 2022,Miami Heat,New Orleans Pelicans
Thu Feb 10 2022,Toronto Raptors,Houston Rockets
Thu Feb 10 2022,Los Angeles Clippers,Dallas Mavericks
Thu Feb 10 2022,New York Knicks,Golden State Warriors
Thu Feb 10 2022,Milwaukee Bucks,Phoenix Suns
Fri Feb 11 2022,Charlotte Hornets,Detroit Pistons
Fri Feb 11 2022,Cleveland Cavaliers,Indiana Pacers
Fri Feb 11 2022,Oklahoma City Thunder,Philadelphia 76ers
Fri Feb 11 2022,San Antonio Spurs,Atlanta Hawks
Fri Feb 11 2022,Denver Nuggets,Boston Celtics
Fri Feb 11 2022,Minnesota Timberwolves,Chicago Bulls
Fri Feb 11 2022,Orlando Magic,Utah Jazz
Sat Feb 12 2022,New York Knicks,Portland Trail Blazers
Sat Feb 12 2022,Memphis Grizzlies,Charlotte Hornets
Sat Feb 12 2022,San Antonio Spurs,New Orleans Pelicans
Sat Feb 12 2022,Sacramento Kings,Washington Wizards
Sat Feb 12 2022,Cleveland Cavaliers,Philadelphia 76ers
Sat Feb 12 2022,Denver Nuggets,Toronto Raptors
Sat Feb 12 2022,Oklahoma City Thunder,Chicago Bulls
Sat Feb 12 2022,Brooklyn Nets,Miami Heat
Sat Feb 12 2022,Los Angeles Clippers,Dallas Mavericks
Sat Feb 12 2022,Los Angeles Lakers,Golden State Warriors
Sat Feb 12 2022,Orlando Magic,Phoenix Suns
Sun Feb 13 2022,Atlanta Hawks,Boston Celtics
Sun Feb 13 2022,Minnesota Timberwolves,Indiana Pacers
Mon Feb 14 2022,Detroit Pistons,Washington Wizards
Mon Feb 14 2022,Sacramento Kings,Brooklyn Nets
Mon Feb 14 2022,Oklahoma City Thunder,New York Knicks
Mon Feb 14 2022,San Antonio Spurs,Chicago Bulls
Mon Feb 14 2022,Portland Trail Blazers,Milwaukee Bucks
Mon Feb 14 2022,Toronto Raptors,New Orleans Pelicans
Mon Feb 14 2022,Orlando Magic,Denver Nuggets
Mon Feb 14 2022,Houston Rockets,Utah Jazz
Mon Feb 14 2022,Golden State Warriors,Los Angeles Clippers
Tue Feb 15 2022,Cleveland Cavaliers,Atlanta Hawks
Tue Feb 15 2022,Dallas Mavericks,Miami Heat
Tue Feb 15 2022,Boston Celtics,Philadelphia 76ers
Tue Feb 15 2022,Indiana Pacers,Milwaukee Bucks
Tue Feb 15 2022,Charlotte Hornets,Minnesota Timberwolves
Tue Feb 15 2022,Memphis Grizzlies,New Orleans Pelicans
Tue Feb 15 2022,Los Angeles Clippers,Phoenix Suns
Wed Feb 16 2022,Atlanta Hawks,Orlando Magic
Wed Feb 16 2022,Detroit Pistons,Boston Celtics
Wed Feb 16 2022,Washington Wizards,Indiana Pacers
Wed Feb 16 2022,Brooklyn Nets,New York Knicks
Wed Feb 16 2022,Sacramento Kings,Chicago Bulls
Wed Feb 16 2022,Portland Trail Blazers,Memphis Grizzlies
Wed Feb 16 2022,Toronto Raptors,Minnesota Timberwolves
Wed Feb 16 2022,San Antonio Spurs,Oklahoma City Thunder
Wed Feb 16 2022,Houston Rockets,Phoenix Suns
Wed Feb 16 2022,Denver Nuggets,Golden State Warriors
Wed Feb 16 2022,Utah Jazz,Los Angeles Lakers
Thu Feb 17 2022,Miami Heat,Charlotte Hornets
Thu Feb 17 2022,Dallas Mavericks,New Orleans Pelicans
Thu Feb 17 2022,Philadelphia 76ers,Milwaukee Bucks
Thu Feb 17 2022,Houston Rockets,Los Angeles Clippers
Thu Feb 24 2022,Cleveland Cavaliers,Detroit Pistons
Thu Feb 24 2022,Boston Celtics,Brooklyn Nets
Thu Feb 24 2022,Atlanta Hawks,Chicago Bulls
Thu Feb 24 2022,Memphis Grizzlies,Minnesota Timberwolves
Thu Feb 24 2022,Phoenix Suns,Oklahoma City Thunder
Thu Feb 24 2022,Golden State Warriors,Portland Trail Blazers
Thu Feb 24 2022,Denver Nuggets,Sacramento Kings
Fri Feb 25 2022,Toronto Raptors,Charlotte Hornets
Fri Feb 25 2022,Oklahoma City Thunder,Indiana Pacers
Fri Feb 25 2022,Houston Rockets,Orlando Magic
Fri Feb 25 2022,San Antonio Spurs,Washington Wizards
Fri Feb 25 2022,Miami Heat,New York Knicks
Fri Feb 25 2022,Philadelphia 76ers,Minnesota Timberwolves
Fri Feb 25 2022,New Orleans Pelicans,Phoenix Suns
Fri Feb 25 2022,Dallas Mavericks,Utah Jazz
Fri Feb 25 2022,Los Angeles Clippers,Los Angeles Lakers
Sat Feb 26 2022,Boston Celtics,Detroit Pistons
Sat Feb 26 2022,Toronto Raptors,Atlanta Hawks
Sat Feb 26 2022,Memphis Grizzlies,Chicago Bulls
Sat Feb 26 2022,Washington Wizards,Cleveland Cavaliers
Sat Feb 26 2022,San Antonio Spurs,Miami Heat
Sat Feb 26 2022,Brooklyn Nets,Milwaukee Bucks
Sat Feb 26 2022,Sacramento Kings,Denver Nuggets
Sun Feb 27 2022,Philadelphia 76ers,New York Knicks
Sun Feb 27 2022,Utah Jazz,Phoenix Suns
Sun Feb 27 2022,Boston Celtics,Indiana Pacers
Sun Feb 27 2022,Detroit Pistons,Charlotte Hornets
Sun Feb 27 2022,Los Angeles Clippers,Houston Rockets
Sun Feb 27 2022,Dallas Mavericks,Golden State Warriors
Sun Feb 27 2022,Denver Nuggets,Portland Trail Blazers
Sun Feb 27 2022,New Orleans Pelicans,Los Angeles Lakers
Mon Feb 28 2022,Minnesota Timberwolves,Cleveland Cavaliers
Mon Feb 28 2022,Indiana Pacers,Orlando Magic
Mon Feb 28 2022,Chicago Bulls,Miami Heat
Mon Feb 28 2022,San Antonio Spurs,Memphis Grizzlies
Mon Feb 28 2022,Charlotte Hornets,Milwaukee Bucks
Mon Feb 28 2022,Sacramento Kings,Oklahoma City Thunder
Tue Mar 1 2022,Detroit Pistons,Washington Wizards
Tue Mar 1 2022,Atlanta Hawks,Boston Celtics
Tue Mar 1 2022,Brooklyn Nets,Toronto Raptors
Tue Mar 1 2022,Los Angeles Clippers,Houston Rockets
Tue Mar 1 2022,Golden State Warriors,Minnesota Timberwolves
Tue Mar 1 2022,Dallas Mavericks,Los Angeles Lakers
Wed Mar 2 2022,Charlotte Hornets,Cleveland Cavaliers
Wed Mar 2 2022,Indiana Pacers,Orlando Magic
Wed Mar 2 2022,New York Knicks,Philadelphia 76ers
Wed Mar 2 2022,Utah Jazz,Houston Rockets
Wed Mar 2 2022,Miami Heat,Milwaukee Bucks
Wed Mar 2 2022,Sacramento Kings,New Orleans Pelicans
Wed Mar 2 2022,Oklahoma City Thunder,Denver Nuggets
Wed Mar 2 2022,Portland Trail Blazers,Phoenix Suns
Thu Mar 3 2022,Memphis Grizzlies,Boston Celtics
Thu Mar 3 2022,Miami Heat,Brooklyn Nets
Thu Mar 3 2022,Detroit Pistons,Toronto Raptors
Thu Mar 3 2022,Golden State Warriors,Dallas Mavericks
Thu Mar 3 2022,Sacramento Kings,San Antonio Spurs
Thu Mar 3 2022,Los Angeles Lakers,Los Angeles Clippers
Fri Mar 4 2022,Indiana Pacers,Detroit Pistons
Fri Mar 4 2022,Cleveland Cavaliers,Philadelphia 76ers
Fri Mar 4 2022,Atlanta Hawks,Washington Wizards
Fri Mar 4 2022,Milwaukee Bucks,Chicago Bulls
Fri Mar 4 2022,Utah Jazz,New Orleans Pelicans
Fri Mar 4 2022,Minnesota Timberwolves,Oklahoma City Thunder
Fri Mar 4 2022,Houston Rockets,Denver Nuggets
Fri Mar 4 2022,New York Knicks,Phoenix Suns
Sat Mar 5 2022,Sacramento Kings,Dallas Mavericks
Sat Mar 5 2022,San Antonio Spurs,Charlotte Hornets
Sat Mar 5 2022,Orlando Magic,Memphis Grizzlies
Sat Mar 5 2022,Philadelphia 76ers,Miami Heat
Sat Mar 5 2022,Portland Trail Blazers,Minnesota Timberwolves
Sat Mar 5 2022,Golden State Warriors,Los Angeles Lakers
Sun Mar 6 2022,Brooklyn Nets,Boston Celtics
Sun Mar 6 2022,Phoenix Suns,Milwaukee Bucks
Sun Mar 6 2022,Toronto Raptors,Cleveland Cavaliers
Sun Mar 6 2022,Indiana Pacers,Washington Wizards
Sun Mar 6 2022,Memphis Grizzlies,Houston Rockets
Sun Mar 6 2022,Utah Jazz,Oklahoma City Thunder
Sun Mar 6 2022,New York Knicks,Los Angeles Clippers
Sun Mar 6 2022,New Orleans Pelicans,Denver Nuggets
Mon Mar 7 2022,Atlanta Hawks,Detroit Pistons
Mon Mar 7 2022,Chicago Bulls,Philadelphia 76ers
Mon Mar 7 2022,Houston Rockets,Miami Heat
Mon Mar 7 2022,Portland Trail Blazers,Minnesota Timberwolves
Mon Mar 7 2022,Utah Jazz,Dallas Mavericks
Mon Mar 7 2022,Los Angeles Lakers,San Antonio Spurs
Mon Mar 7 2022,New York Knicks,Sacramento Kings
Tue Mar 8 2022,Brooklyn Nets,Charlotte Hornets
Tue Mar 8 2022,Cleveland Cavaliers,Indiana Pacers
Tue Mar 8 2022,Phoenix Suns,Orlando Magic
Tue Mar 8 2022,New Orleans Pelicans,Memphis Grizzlies
Tue Mar 8 2022,Milwaukee Bucks,Oklahoma City Thunder
Tue Mar 8 2022,Los Angeles Clippers,Golden State Warriors
Wed Mar 9 2022,Boston Celtics,Charlotte Hornets
Wed Mar 9 2022,Chicago Bulls,Detroit Pistons
Wed Mar 9 2022,Phoenix Suns,Miami Heat
Wed Mar 9 2022,Atlanta Hawks,Milwaukee Bucks
Wed Mar 9 2022,Los Angeles Lakers,Houston Rockets
Wed Mar 9 2022,Oklahoma City Thunder,Minnesota Timberwolves
Wed Mar 9 2022,Orlando Magic,New Orleans Pelicans
Wed Mar 9 2022,New York Knicks,Dallas Mavericks
Wed Mar 9 2022,Toronto Raptors,San Antonio Spurs
Wed Mar 9 2022,Denver Nuggets,Sacramento Kings
Wed Mar 9 2022,Portland Trail Blazers,Utah Jazz
Wed Mar 9 2022,Washington Wizards,Los Angeles Clippers
Thu Mar 10 2022,Brooklyn Nets,Philadelphia 76ers
Thu Mar 10 2022,Golden State Warriors,Denver Nuggets
Fri Mar 11 2022,Minnesota Timberwolves,Orlando Magic
Fri Mar 11 2022,Los Angeles Clippers,Atlanta Hawks
Fri Mar 11 2022,Detroit Pistons,Boston Celtics
Fri Mar 11 2022,Dallas Mavericks,Houston Rockets
Fri Mar 11 2022,New York Knicks,Memphis Grizzlies
Fri Mar 11 2022,Cleveland Cavaliers,Miami Heat
Fri Mar 11 2022,Charlotte Hornets,New Orleans Pelicans
Fri Mar 11 2022,Utah Jazz,San Antonio Spurs
Fri Mar 11 2022,Toronto Raptors,Phoenix Suns
Fri Mar 11 2022,Washington Wizards,Los Angeles Lakers
Sat Mar 12 2022,Cleveland Cavaliers,Chicago Bulls
Sat Mar 12 2022,Minnesota Timberwolves,Miami Heat
Sat Mar 12 2022,Indiana Pacers,San Antonio Spurs
Sat Mar 12 2022,Milwaukee Bucks,Golden State Warriors
Sat Mar 12 2022,Toronto Raptors,Denver Nuggets
Sat Mar 12 2022,Washington Wizards,Portland Trail Blazers
Sat Mar 12 2022,Sacramento Kings,Utah Jazz
Sun Mar 13 2022,New York Knicks,Brooklyn Nets
Sun Mar 13 2022,Los Angeles Clippers,Detroit Pistons
Sun Mar 13 2022,Dallas Mavericks,Boston Celtics
Sun Mar 13 2022,Philadelphia 76ers,Orlando Magic
Sun Mar 13 2022,Indiana Pacers,Atlanta Hawks
Sun Mar 13 2022,Houston Rockets,New Orleans Pelicans
Sun Mar 13 2022,Memphis Grizzlies,Oklahoma City Thunder
Sun Mar 13 2022,Los Angeles Lakers,Phoenix Suns
Mon Mar 14 2022,Los Angeles Clippers,Cleveland Cavaliers
Mon Mar 14 2022,Portland Trail Blazers,Atlanta Hawks
Mon Mar 14 2022,Charlotte Hornets,Oklahoma City Thunder
Mon Mar 14 2022,Denver Nuggets,Philadelphia 76ers
Mon Mar 14 2022,Minnesota Timberwolves,San Antonio Spurs
Mon Mar 14 2022,Washington Wizards,Golden State Warriors
Mon Mar 14 2022,Chicago Bulls,Sacramento Kings
Mon Mar 14 2022,Toronto Raptors,Los Angeles Lakers
Mon Mar 14 2022,Milwaukee Bucks,Utah Jazz
Tue Mar 15 2022,Memphis Grizzlies,Indiana Pacers
Tue Mar 15 2022,Brooklyn Nets,Orlando Magic
Tue Mar 15 2022,Detroit Pistons,Miami Heat
Tue Mar 15 2022,Phoenix Suns,New Orleans Pelicans
Wed Mar 16 2022,Atlanta Hawks,Charlotte Hornets
Wed Mar 16 2022,Philadelphia 76ers,Cleveland Cavaliers
Wed Mar 16 2022,Denver Nuggets,Washington Wizards
Wed Mar 16 2022,Dallas Mavericks,Brooklyn Nets
Wed Mar 16 2022,Portland Trail Blazers,New York Knicks
Wed Mar 16 2022,Phoenix Suns,Houston Rockets
Wed Mar 16 2022,Los Angeles Lakers,Minnesota Timberwolves
Wed Mar 16 2022,Oklahoma City Thunder,San Antonio Spurs
Wed Mar 16 2022,Chicago Bulls,Utah Jazz
Wed Mar 16 2022,Boston Celtics,Golden State Warriors
Wed Mar 16 2022,Milwaukee Bucks,Sacramento Kings
Wed Mar 16 2022,Toronto Raptors,Los Angeles Clippers
Thu Mar 17 2022,Detroit Pistons,Orlando Magic
Fri Mar 18 2022,Dallas Mavericks,Philadelphia 76ers
Fri Mar 18 2022,Memphis Grizzlies,Atlanta Hawks
Fri Mar 18 2022,Portland Trail Blazers,Brooklyn Nets
Fri Mar 18 2022,Denver Nuggets,Cleveland Cavaliers
Fri Mar 18 2022,Washington Wizards,New York Knicks
Fri Mar 18 2022,Los Angeles Lakers,Toronto Raptors
Fri Mar 18 2022,Indiana Pacers,Houston Rockets
Fri Mar 18 2022,Oklahoma City Thunder,Miami Heat
Fri Mar 18 2022,New Orleans Pelicans,San Antonio Spurs
Fri Mar 18 2022,Los Angeles Clippers,Utah Jazz
Fri Mar 18 2022,Chicago Bulls,Phoenix Suns
Fri Mar 18 2022,Boston Celtics,Sacramento Kings
Sat Mar 19 2022,Milwaukee Bucks,Minnesota Timberwolves
Sat Mar 19 2022,Dallas Mavericks,Charlotte Hornets
Sat Mar 19 2022,Detroit Pistons,Cleveland Cavaliers
Sat Mar 19 2022,Los Angeles Lakers,Washington Wizards
Sun Mar 20 2022,Memphis Grizzlies,Houston Rockets
Sun Mar 20 2022,Portland Trail Blazers,Indiana Pacers
Sun Mar 20 2022,New Orleans Pelicans,Atlanta Hawks
Sun Mar 20 2022,Oklahoma City Thunder,Orlando Magic
Sun Mar 20 2022,Phoenix Suns,Sacramento Kings
Sun Mar 20 2022,Utah Jazz,New York Knicks
Sun Mar 20 2022,Boston Celtics,Denver Nuggets
Sun Mar 20 2022,San Antonio Spurs,Golden State Warriors
Sun Mar 20 2022,Toronto Raptors,Philadelphia 76ers
Mon Mar 21 2022,New Orleans Pelicans,Charlotte Hornets
Mon Mar 21 2022,Los Angeles Lakers,Cleveland Cavaliers
Mon Mar 21 2022,Portland Trail Blazers,Detroit Pistons
Mon Mar 21 2022,Miami Heat,Philadelphia 76ers
Mon Mar 21 2022,Utah Jazz,Brooklyn Nets
Mon Mar 21 2022,Toronto Raptors,Chicago Bulls
Mon Mar 21 2022,Washington Wizards,Houston Rockets
Mon Mar 21 2022,Boston Celtics,Oklahoma City Thunder
Mon Mar 21 2022,Minnesota Timberwolves,Dallas Mavericks
Tue Mar 22 2022,Golden State Warriors,Orlando Magic
Tue Mar 22 2022,Atlanta Hawks,New York Knicks
Tue Mar 22 2022,Chicago Bulls,Milwaukee Bucks
Tue Mar 22 2022,Los Angeles Clippers,Denver Nuggets
Wed Mar 23 2022,New York Knicks,Charlotte Hornets
Wed Mar 23 2022,Atlanta Hawks,Detroit Pistons
Wed Mar 23 2022,Sacramento Kings,Indiana Pacers
Wed Mar 23 2022,Utah Jazz,Boston Celtics
Wed Mar 23 2022,Brooklyn Nets,Memphis Grizzlies
Wed Mar 23 2022,Golden State Warriors,Miami Heat
Wed Mar 23 2022,Phoenix Suns,Minnesota Timberwolves
Wed Mar 23 2022,Orlando Magic,Oklahoma City Thunder
Wed Mar 23 2022,Houston Rockets,Dallas Mavericks
Wed Mar 23 2022,Philadelphia 76ers,Los Angeles Lakers
Wed Mar 23 2022,San Antonio Spurs,Portland Trail Blazers
Thu Mar 24 2022,Cleveland Cavaliers,Toronto Raptors
Thu Mar 24 2022,Indiana Pacers,Memphis Grizzlies
Thu Mar 24 2022,Washington Wizards,Milwaukee Bucks
Thu Mar 24 2022,Chicago Bulls,New Orleans Pelicans
Thu Mar 24 2022,Phoenix Suns,Denver Nuggets
Fri Mar 25 2022,Utah Jazz,Charlotte Hornets
Fri Mar 25 2022,Washington Wizards,Detroit Pistons
Fri Mar 25 2022,Golden State Warriors,Atlanta Hawks
Fri Mar 25 2022,New York Knicks,Miami Heat
Fri Mar 25 2022,Dallas Mavericks,Minnesota Timberwolves
Fri Mar 25 2022,Houston Rockets,Portland Trail Blazers
Fri Mar 25 2022,Philadelphia 76ers,Los Angeles Clippers
Sat Mar 26 2022,San Antonio Spurs,New Orleans Pelicans
Sat Mar 26 2022,Sacramento Kings,Orlando Magic
Sat Mar 26 2022,Indiana Pacers,Toronto Raptors
Sat Mar 26 2022,Chicago Bulls,Cleveland Cavaliers
Sat Mar 26 2022,Milwaukee Bucks,Memphis Grizzlies
Sat Mar 26 2022,Brooklyn Nets,Miami Heat
Sat Mar 26 2022,Oklahoma City Thunder,Denver Nuggets
Sat Mar 26 2022,Houston Rockets,Portland Trail Blazers
Sun Mar 27 2022,New York Knicks,Detroit Pistons
Sun Mar 27 2022,Minnesota Timberwolves,Boston Celtics
Sun Mar 27 2022,Philadelphia 76ers,Phoenix Suns
Sun Mar 27 2022,Golden State Warriors,Washington Wizards
Sun Mar 27 2022,Los Angeles Lakers,New Orleans Pelicans
Sun Mar 27 2022,Charlotte Hornets,Brooklyn Nets
Sun Mar 27 2022,Utah Jazz,Dallas Mavericks
Mon Mar 28 2022,Denver Nuggets,Charlotte Hornets
Mon Mar 28 2022,Orlando Magic,Cleveland Cavaliers
Mon Mar 28 2022,Atlanta Hawks,Indiana Pacers
Mon Mar 28 2022,Sacramento Kings,Miami Heat
Mon Mar 28 2022,Chicago Bulls,New York Knicks
Mon Mar 28 2022,Boston Celtics,Toronto Raptors
Mon Mar 28 2022,San Antonio Spurs,Houston Rockets
Mon Mar 28 2022,Golden State Warriors,Memphis Grizzlies
Mon Mar 28 2022,Oklahoma City Thunder,Portland Trail Blazers
Tue Mar 29 2022,Milwaukee Bucks,Philadelphia 76ers
Tue Mar 29 2022,Chicago Bulls,Washington Wizards
Tue Mar 29 2022,Detroit Pistons,Brooklyn Nets
Tue Mar 29 2022,Los Angeles Lakers,Dallas Mavericks
Tue Mar 29 2022,Utah Jazz,Los Angeles Clippers
Wed Mar 30 2022,Dallas Mavericks,Cleveland Cavaliers
Wed Mar 30 2022,Denver Nuggets,Indiana Pacers
Wed Mar 30 2022,Orlando Magic,Washington Wizards
Wed Mar 30 2022,Miami Heat,Boston Celtics
Wed Mar 30 2022,Charlotte Hornets,New York Knicks
Wed Mar 30 2022,Minnesota Timberwolves,Toronto Raptors
Wed Mar 30 2022,Sacramento Kings,Houston Rockets
Wed Mar 30 2022,Atlanta Hawks,Oklahoma City Thunder
Wed Mar 30 2022,Memphis Grizzlies,San Antonio Spurs
Wed Mar 30 2022,Phoenix Suns,Golden State Warriors
Wed Mar 30 2022,New Orleans Pelicans,Portland Trail Blazers
Thu Mar 31 2022,Philadelphia 76ers,Detroit Pistons
Thu Mar 31 2022,Milwaukee Bucks,Brooklyn Nets
Thu Mar 31 2022,Los Angeles Clippers,Chicago Bulls
Thu Mar 31 2022,Los Angeles Lakers,Utah Jazz
Fri Apr 1 2022,Toronto Raptors,Orlando Magic
Fri Apr 1 2022,Dallas Mavericks,Washington Wizards
Fri Apr 1 2022,Indiana Pacers,Boston Celtics
Fri Apr 1 2022,Sacramento Kings,Houston Rockets
Fri Apr 1 2022,Phoenix Suns,Memphis Grizzlies
Fri Apr 1 2022,Los Angeles Clippers,Milwaukee Bucks
Fri Apr 1 2022,Detroit Pistons,Oklahoma City Thunder
Fri Apr 1 2022,Portland Trail Blazers,San Antonio Spurs
Fri Apr 1 2022,Minnesota Timberwolves,Denver Nuggets
Fri Apr 1 2022,New Orleans Pelicans,Los Angeles Lakers
Sat Apr 2 2022,Charlotte Hornets,Philadelphia 76ers
Sat Apr 2 2022,Cleveland Cavaliers,New York Knicks
Sat Apr 2 2022,Brooklyn Nets,Atlanta Hawks
Sat Apr 2 2022,Miami Heat,Chicago Bulls
Sat Apr 2 2022,Utah Jazz,Golden State Warriors
Sun Apr 3 2022,Dallas Mavericks,Milwaukee Bucks
Sun Apr 3 2022,Washington Wizards,Boston Celtics
Sun Apr 3 2022,Denver Nuggets,Los Angeles Lakers
Sun Apr 3 2022,Detroit Pistons,Indiana Pacers
Sun Apr 3 2022,Philadelphia 76ers,Cleveland Cavaliers
Sun Apr 3 2022,New York Knicks,Orlando Magic
Sun Apr 3 2022,Minnesota Timberwolves,Houston Rockets
Sun Apr 3 2022,Miami Heat,Toronto Raptors
Sun Apr 3 2022,Portland Trail Blazers,San Antonio Spurs
Sun Apr 3 2022,Phoenix Suns,Oklahoma City Thunder
Sun Apr 3 2022,Golden State Warriors,Sacramento Kings
Sun Apr 3 2022,New Orleans Pelicans,Los Angeles Clippers
Tue Apr 5 2022,Philadelphia 76ers,Indiana Pacers
Tue Apr 5 2022,Cleveland Cavaliers,Orlando Magic
Tue Apr 5 2022,Houston Rockets,Brooklyn Nets
Tue Apr 5 2022,Charlotte Hornets,Miami Heat
Tue Apr 5 2022,Atlanta Hawks,Toronto Raptors
Tue Apr 5 2022,Milwaukee Bucks,Chicago Bulls
Tue Apr 5 2022,Washington Wizards,Minnesota Timberwolves
Tue Apr 5 2022,Portland Trail Blazers,Oklahoma City Thunder
Tue Apr 5 2022,San Antonio Spurs,Denver Nuggets
Tue Apr 5 2022,Memphis Grizzlies,Utah Jazz
Tue Apr 5 2022,New Orleans Pelicans,Sacramento Kings
Tue Apr 5 2022,Los Angeles Lakers,Phoenix Suns
Wed Apr 6 2022,Dallas Mavericks,Detroit Pistons
Wed Apr 6 2022,Brooklyn Nets,New York Knicks
Wed Apr 6 2022,Boston Celtics,Chicago Bulls
Wed Apr 6 2022,Washington Wizards,Atlanta Hawks
Wed Apr 6 2022,Oklahoma City Thunder,Utah Jazz
Wed Apr 6 2022,Phoenix Suns,Los Angeles Clippers
Thu Apr 7 2022,Orlando Magic,Charlotte Hornets
Thu Apr 7 2022,Boston Celtics,Milwaukee Bucks
Thu Apr 7 2022,Philadelphia 76ers,Toronto Raptors
Thu Apr 7 2022,San Antonio Spurs,Minnesota Timberwolves
Thu Apr 7 2022,Portland Trail Blazers,New Orleans Pelicans
Thu Apr 7 2022,Memphis Grizzlies,Denver Nuggets
Thu Apr 7 2022,Los Angeles Lakers,Golden State Warriors
Fri Apr 8 2022,New York Knicks,Washington Wizards
Fri Apr 8 2022,Milwaukee Bucks,Detroit Pistons
Fri Apr 8 2022,Cleveland Cavaliers,Brooklyn Nets
Fri Apr 8 2022,Houston Rockets,Toronto Raptors
Fri Apr 8 2022,Atlanta Hawks,Miami Heat
Fri Apr 8 2022,Charlotte Hornets,Chicago Bulls
Fri Apr 8 2022,Portland Trail Blazers,Dallas Mavericks
Fri Apr 8 2022,Phoenix Suns,Utah Jazz
Fri Apr 8 2022,Oklahoma City Thunder,Los Angeles Lakers
Sat Apr 9 2022,Sacramento Kings,Los Angeles Clippers
Sat Apr 9 2022,Golden State Warriors,San Antonio Spurs
Sat Apr 9 2022,New Orleans Pelicans,Memphis Grizzlies
Sat Apr 9 2022,Indiana Pacers,Philadelphia 76ers
Sun Apr 10 2022,Utah Jazz,Portland Trail Blazers
Sun Apr 10 2022,Sacramento Kings,Phoenix Suns
Sun Apr 10 2022,Detroit Pistons,Philadelphia 76ers
Sun Apr 10 2022,Miami Heat,Orlando Magic
Sun Apr 10 2022,Toronto Raptors,New York Knicks
Sun Apr 10 2022,Golden State Warriors,New Orleans Pelicans
Sun Apr 10 2022,Chicago Bulls,Minnesota Timberwolves
Sun Apr 10 2022,Boston Celtics,Memphis Grizzlies
Sun Apr 10 2022,Oklahoma City Thunder,Los Angeles Clippers
Sun Apr 10 2022,Atlanta Hawks,Houston Rockets
Sun Apr 10 2022,Los Angeles Lakers,Denver Nuggets
Sun Apr 10 2022,San Antonio Spurs,Dallas Mavericks
Sun Apr 10 2022,Milwaukee Bucks,Cleveland Cavaliers
Sun Apr 10 2022,Washington Wizards,Charlotte Hornets
Sun Apr 10 2022,Indiana Pacers,Brooklyn Nets